
use hotelguild;

INSERT INTO amenity (`Id`, `AmenityType`, `Price`) VALUES 
(1, 'King Bed', 0), 
(2, 'Queen Bed', 0), 
(3, 'microwave', 0), 
(4, 'refrigerator', 0), 
(5, 'jacuzzi', 25),
(6, 'oven',0);


use hotelguild;

INSERT INTO roomtype (Id,TypeName,StandardOccupancy,MaxOccupancy,BasePrice,ExtraPrice) VALUES (1, 'Double', 2, 4, 174.99, 10),
 (2, 'Single', 2, 2, 149.99, NULL),
 (3, 'Suite', 3, 8, 399.99, 20);


use hotelguild;
 
 INSERT INTO room (Id, ADAAccessible, RoomTypeId) VALUES 
 (201, FALSE, 1),
 (202, TRUE, 1),
 (203, FALSE, 1),
 (204, TRUE, 1),
 (205, FALSE, 2),
 (206, TRUE, 2),
 (207, FALSE, 2),
 (208, TRUE, 2),
 (301, FALSE, 1),
 (302, TRUE, 1),
 (303, FALSE, 1),
 (304, TRUE, 1),
 (305, FALSE, 2),
 (306, TRUE, 2),
 (307, FALSE, 2),
 (308, TRUE, 2),
 (401, TRUE, 3),
 (402, TRUE, 3);


use hotelguild;

INSERT INTO RoomAmenity (`RoomId`, `AmenityId`) 
VALUES (201, 2),
 (201, 3),
 (201, 5),
 (202, 2),
 (202, 4),
 (203, 2),
 (203, 3),
 (203, 5),
 (204, 2),
 (204, 4),
 (205, 1),
 (205, 3),
 (205, 4),
 (205, 5),
 (206, 1),
 (206, 3),
 (206, 4),
 (207, 1),
 (207, 3),
 (207, 4),
 (207, 5),
 (208, 1),
 (208, 3),
 (208, 4),
 (301, 2),
 (301, 3),
 (301, 5),
 (302, 2),
 (302, 4),
 (303, 2),
 (303, 3),
 (303, 5),
 (304, 2),
 (304, 4),
 (305, 1),
 (305, 3),
 (305, 4),
 (305, 5),
 (306, 1),
 (306, 3),
 (306, 4),
 (307, 1),
 (307, 3),
 (307, 4),
 (307, 5),
 (308, 1),
 (308, 3),
 (308, 4),
 (401, 1),
 (401, 2),
 (401, 3),
 (401, 4),
 (401, 6),
 (402, 1),
 (402, 2),
 (402, 3),
 (402, 4),
 (402, 6);



use hotelguild;

INSERT INTO reservation (Id, Adults, Children, StartDate, EndDate, Cost) VALUES (1, 1, 0, '2023-02-02', '2023-02-04', 299.98),
 (2, 2, 1, '2023-02-05', '2023-02-10', 999.95),
 (3, 2, 0, '2023-02-22', '2023-02-24', 349.98),
 (4, 2, 2, '2023-03-06', '2023-03-07', 199.99),
 (5, 1, 1, '2023-03-17', '2023-03-20', 524.97),
 (6, 3, 0, '2023-03-18', '2023-03-23', 924.95),
 (7, 2, 2, '2023-03-29', '2023-03-31', 349.98),
 (8, 2, 0, '2023-03-31', '2023-04-05', 874.95),
 (9, 1, 0, '2023-04-09', '2023-04-13', 799.96),
 (10, 1, 1, '2023-04-23', '2023-04-24', 174.99),
 (11, 2, 4, '2023-05-30', '2023-06-02', 1199.97),
 (12, 2, 0, '2023-06-10', '2023-06-14', 599.96),
 (13, 1, 0, '2023-06-10', '2023-06-14', 599.96),
 (14, 3, 0, '2023-06-17', '2023-06-18', 184.99),
 (15, 2, 0, '2023-06-28', '2023-07-02', 699.96),
 (16, 3, 1, '2023-07-13', '2023-07-14', 184.99),
 (17, 4, 2, '2023-07-18', '2023-07-21', 1259.97),
 (18, 2, 1, '2023-07-28', '2023-07-29', 199.99),
 (19, 1, 0, '2023-08-30','2023-09-01',349.98),
 (20, 2, 0,'2023-09-16','2023-09-17',149.99),
 (21, 2, 2,'2023-09-13','2023-09-15',399.98),
 (22, 2, 2,'2023-11-22','2023-11-25',1199.97),
 (23, 2, 0,'2023-11-22','2023-11-25',449.97),
 (24, 2, 2,'2023-11-22','2023-11-25',599.97),
 (25,2,0,'2023-12-24','2023-12-28',699.96);


use hotelguild;

INSERT INTO roomreservation (`RoomId`, `ReservationId`) VALUES (201, 4),
 (202, 7),
 (203, 2),
 (203, 21),
 (204, 16),
 (205, 15),
 (206, 12),
 (206, 23),
 (207, 10),
 (208, 13),
 (208, 20),
 (301, 9),
 (301, 24),
 (302, 6),
 (302, 25),
 (303, 18),
 (304, 8),
 (304, 14),
 (305, 3),
 (305, 19),
(307, 5),
 (308, 1),
 (401, 11),
 (401, 17),
 (401, 22);

use hotelguild;

INSERT INTO guest (`Id`, `FirstName`, `LastName`, `Address`, `City`, `State`, `Zip`, `Phone`) VALUES 
(1, 'Qing', 'Qiu', '1800 Rene-Levesque', 'Montreal', 'QC', 12345, '(231) 893-2756'),
 (2, 'Mack', 'Simmer', '379 Old Shore Street', 'Council Bluffs', 'IA', 51501, '(291) 553-0508'),
 (3, 'Bettyann', 'Seery', '750 Wintergreen Dr.', 'Wasilla', 'AK', 99654, '(478) 277-9632'),
 (4, 'Duane', 'Cullison', '9662 Foxrun Lane', 'Harlingen', 'TX', 78552, '(308) 494-0198'),
 (5, 'Karie', 'Yang', '9378 W. Augusta Ave.', 'West Deptford', 'NJ', 8096, '(214) 730-0298'),
 (6, 'Aurore', 'Lipton', '762 Wild Rose Street', 'Saginaw', 'MI', 48601, '(377) 507-0974'),
 (7, 'Zachery', 'Luechtefeld', '7 Poplar Dr.', 'Arvada', 'CO', 80003, '(814) 485-2615'),
 (8, 'Jeremiah', 'Pendergrass', '70 Oakwood St.', 'Zion', 'IL', 60099, '(279) 491-0960'),
 (9, 'Walter', 'Holaway', '7556 Arrowhead St.', 'Cumberland', 'RI', 2864, '(446) 396-6785'),
 (10, 'Wilfred', 'Vise', '77 West Surrey Street', 'Oswego', 'NY',13126,'(834) 727-1001'),
 (11,'Maritza','Tilton','939 Linda Rd.','Burke','VA',22015,'(446) 351-6860'),
 (12,'Joleen','Tison','87 Queen St.','Drexel Hill','PA',19026,'(231) 893-2755');


use hotelguild;
INSERT INTO guestreservation (`GuestId`, `ReservationId`) VALUES (2, 1), (2, 20), (2, 23), (2, 24), (3, 2), (3, 18), (3, 19), (4, 3), (4, 22), (5, 4), (5, 21), (1, 5), (1, 15), (6, 6), (6, 14), (7, 7), (8, 8), (9, 9), (9, 16), (10, 10), (10, 17), (11, 11), (11, 25), (12, 12), (12, 13);


DELETE FROM guestreservation WHERE guestid=8; 
DELETE FROM guest WHERE id=8;